-- --------------------------------------------------------
-- Хост:                         127.0.0.1
-- Версия сервера:               5.7.25 - MySQL Community Server (GPL)
-- Операционная система:         Linux
-- HeidiSQL Версия:              10.3.0.5771
-- --------------------------------------------------------

/*!40101 SET @OLD_CHARACTER_SET_CLIENT=@@CHARACTER_SET_CLIENT */;
/*!40101 SET NAMES utf8 */;
/*!50503 SET NAMES utf8mb4 */;
/*!40014 SET @OLD_FOREIGN_KEY_CHECKS=@@FOREIGN_KEY_CHECKS, FOREIGN_KEY_CHECKS=0 */;
/*!40101 SET @OLD_SQL_MODE=@@SQL_MODE, SQL_MODE='NO_AUTO_VALUE_ON_ZERO' */;


-- Дамп структуры базы данных mvk_crm
CREATE DATABASE IF NOT EXISTS `mvk_crm` /*!40100 DEFAULT CHARACTER SET utf8 COLLATE utf8_unicode_ci */;
USE `mvk_crm`;

-- Дамп структуры для таблица mvk_crm.attribute_group
CREATE TABLE IF NOT EXISTS `attribute_group` (
  `id` int(10) unsigned NOT NULL AUTO_INCREMENT,
  `name` varchar(100) COLLATE utf8_unicode_ci NOT NULL COMMENT 'название внутри системы',
  `label` varchar(100) COLLATE utf8_unicode_ci NOT NULL COMMENT 'пометка в фильтре',
  `unit` varchar(50) COLLATE utf8_unicode_ci DEFAULT NULL COMMENT 'единица измерения',
  `comment` varchar(100) COLLATE utf8_unicode_ci DEFAULT NULL,
  PRIMARY KEY (`id`)
) ENGINE=InnoDB AUTO_INCREMENT=68 DEFAULT CHARSET=utf8 COLLATE=utf8_unicode_ci;

-- Дамп данных таблицы mvk_crm.attribute_group: ~66 rows (приблизительно)
/*!40000 ALTER TABLE `attribute_group` DISABLE KEYS */;
INSERT INTO `attribute_group` (`id`, `name`, `label`, `unit`, `comment`) VALUES
	(1, 'Страна-производитель', 'Страна-производитель', NULL, NULL),
	(2, 'Производитель', 'Производитель', NULL, NULL),
	(3, 'Вид используемого топлива', 'Вид используемого топлива', NULL, NULL),
	(4, 'Количество контуров', 'Количество контуров', NULL, NULL),
	(5, 'Место монтажа', 'Место монтажа', NULL, NULL),
	(6, 'Особые виды газовых котлов', 'Особые виды газовых котлов', NULL, NULL),
	(7, 'Материал теплообменника', 'Материал теплообменника', NULL, NULL),
	(8, 'Вид камеры сгорания', 'Вид камеры сгорания', NULL, NULL),
	(10, 'Патрубок дымохода', 'Патрубок дымохода', 'мм', NULL),
	(11, 'Количество ступеней мощности', 'Количество ступеней мощности', NULL, NULL),
	(12, 'Напряжение', 'Напряжение', 'В', NULL),
	(13, 'Особые виды твердотопливных котлов', 'Особые виды твердотопливных котлов', NULL, NULL),
	(14, 'Вид оборудования', 'Вид оборудования', NULL, NULL),
	(15, 'Вид газового оборудования', 'Вид газового оборудования', NULL, NULL),
	(16, 'Вид фитингов для газовых труб', 'Вид фитингов для газовых труб', NULL, NULL),
	(17, 'Материал', 'Материал', NULL, NULL),
	(18, 'Соединение', 'Соединение', NULL, NULL),
	(19, 'Резьба 1', 'Резьба 1', NULL, NULL),
	(20, 'Диаметр 1', 'Диаметр 1', 'мм', NULL),
	(21, 'Назначение', 'Назначение', NULL, NULL),
	(22, 'Диаметр подключения', 'Диаметр подключения', 'мм', NULL),
	(23, 'Вид газовой арматуры', 'Вид газовой арматуры', NULL, NULL),
	(24, 'Тип ручки', 'Тип ручки', NULL, NULL),
	(25, 'Резьба 2', 'Резьба 2', NULL, NULL),
	(26, 'Конструкция', 'Конструкция', NULL, NULL),
	(27, 'Особые виды радиаторов', 'Особые виды радиаторов', NULL, NULL),
	(28, 'Используемая энергия', 'Используемая энергия', NULL, NULL),
	(29, 'Способ нагрева воды', 'Способ нагрева воды', NULL, NULL),
	(30, 'Способ установки', 'Способ установки', NULL, NULL),
	(31, 'Материал внутреннего бака', 'Материал внутреннего бака', NULL, NULL),
	(32, 'Вид тэна', 'Вид тэна', NULL, NULL),
	(33, 'Применение', 'Применение', NULL, NULL),
	(34, 'Принцип работы', 'Принцип работы', NULL, NULL),
	(35, 'Особые виды насосов', 'Особые виды насосов', NULL, NULL),
	(36, 'Область использования', 'Область использования', NULL, NULL),
	(37, 'Марка материала', 'Марка материала', NULL, NULL),
	(38, 'Изоляция', 'Изоляция', NULL, NULL),
	(39, 'Цвет покрытия', 'Цвет покрытия', NULL, NULL),
	(40, 'Минимальный радиус изгиба', 'Минимальный радиус изгиба', NULL, NULL),
	(41, 'Поверхность трубы', 'Поверхность трубы', NULL, NULL),
	(42, 'Уровень шума', 'Уровень шума', NULL, NULL),
	(43, 'Разновидность материала', 'Разновидность материала', NULL, NULL),
	(44, 'Тип присоединения', 'Тип присоединения', NULL, NULL),
	(45, 'Виды резьбовых фитингов', 'Виды резьбовых фитингов', NULL, NULL),
	(46, 'Резьба R1', 'Резьба R1', NULL, NULL),
	(47, 'Резьба R2', 'Резьба R2', NULL, NULL),
	(48, 'Резьба R3', 'Резьба R3', NULL, NULL),
	(49, 'Количество выходов', 'Количество выходов', 'шт', NULL),
	(50, 'Способ присоединения', 'Способ присоединения', NULL, NULL),
	(51, 'Принцип действия', 'Принцип действия', NULL, NULL),
	(52, 'Вид резьбы', 'Вид резьбы', NULL, NULL),
	(53, 'Материал уплотнения', 'Материал уплотнения', NULL, NULL),
	(54, 'Материал пружины', 'Материал пружины', NULL, NULL),
	(55, 'Группа оборудования', 'Группа оборудования', NULL, NULL),
	(56, 'Подгруппа оборудования', 'Подгруппа оборудования', NULL, NULL),
	(57, 'Присоединение', 'Присоединение', NULL, NULL),
	(58, 'Цвет корпуса', 'Цвет корпуса', NULL, NULL),
	(59, 'Стекло', 'Стекло', NULL, NULL),
	(60, 'Диапазон измерения давления', 'Диапазон измерения давления', 'бар', NULL),
	(61, 'Диапазон измерения температур', 'Диапазон измерения температур', '°С', NULL),
	(62, 'Разновидность подгруппы оборудования', 'Разновидность подгруппы оборудования', NULL, NULL),
	(63, 'Питание', 'Питание', 'В', NULL),
	(64, 'Тип установки', 'Тип установки', NULL, NULL),
	(65, 'Номинальное напряжение', 'Номинальное напряжение', NULL, NULL),
	(66, 'Способ передачи сигнала', 'Способ передачи сигнала', NULL, NULL),
	(67, 'Цвет', 'Цвет', NULL, NULL);
/*!40000 ALTER TABLE `attribute_group` ENABLE KEYS */;

-- Дамп структуры для таблица mvk_crm.attribute_product
CREATE TABLE IF NOT EXISTS `attribute_product` (
  `id` bigint(20) unsigned NOT NULL AUTO_INCREMENT,
  `group_id` int(10) unsigned DEFAULT NULL,
  `name` varchar(100) COLLATE utf8_unicode_ci NOT NULL,
  `unit` varchar(50) COLLATE utf8_unicode_ci DEFAULT NULL COMMENT 'единица измерения',
  `order` int(10) unsigned DEFAULT '0' COMMENT 'сортировка свойств',
  PRIMARY KEY (`id`),
  KEY `FK_attribute_product_attribute_group` (`group_id`),
  CONSTRAINT `FK_attribute_product_attribute_group` FOREIGN KEY (`group_id`) REFERENCES `attribute_group` (`id`) ON DELETE CASCADE
) ENGINE=InnoDB AUTO_INCREMENT=791 DEFAULT CHARSET=utf8 COLLATE=utf8_unicode_ci;

-- Дамп данных таблицы mvk_crm.attribute_product: ~723 rows (приблизительно)
/*!40000 ALTER TABLE `attribute_product` DISABLE KEYS */;
INSERT INTO `attribute_product` (`id`, `group_id`, `name`, `unit`, `order`) VALUES
	(1, NULL, 'Артикул производителя', NULL, 0),
	(2, NULL, 'Гарантия', NULL, 0),
	(3, 1, 'Россия', NULL, 0),
	(4, 1, 'Турция', NULL, 0),
	(5, 1, 'Чехия', NULL, 0),
	(6, 1, 'Италия', NULL, 0),
	(7, 1, 'Германия', NULL, 0),
	(8, 1, 'Словакия', NULL, 0),
	(9, 1, 'Южная Корея', NULL, 0),
	(10, 1, 'Португалия', NULL, 0),
	(11, 1, 'Финляндия', NULL, 0),
	(12, 1, 'Бельгия', NULL, 0),
	(13, 1, 'Польша', NULL, 0),
	(14, 1, 'Швеция', NULL, 0),
	(15, 1, 'Беларусь', NULL, 0),
	(16, 1, 'Франция', NULL, 0),
	(17, 1, 'Китай', NULL, 0),
	(18, 1, 'Норвегия', NULL, 0),
	(19, 1, 'Венгрия', NULL, 0),
	(20, 1, 'Дания', NULL, 0),
	(21, 1, 'Испания', NULL, 0),
	(24, 2, 'Buderus', NULL, 0),
	(25, 2, 'Baxi', NULL, 0),
	(26, 2, 'Эван', NULL, 0),
	(27, 2, 'Bosch', NULL, 0),
	(28, 2, 'Protherm', NULL, 0),
	(29, 2, 'Fondital', NULL, 0),
	(30, 2, 'Navien', NULL, 0),
	(31, 2, 'Ariston', NULL, 0),
	(32, 2, 'Vaillant', NULL, 0),
	(33, 2, 'Stout', NULL, 0),
	(34, 2, 'Viessmann', NULL, 0),
	(35, 2, 'Бастион', NULL, 0),
	(36, 2, 'Viadrus', NULL, 0),
	(37, 2, 'Kiturami', NULL, 0),
	(38, 2, 'Буржуй-К', NULL, 0),
	(39, 2, 'Теплодар', NULL, 0),
	(40, 2, 'Zota', NULL, 0),
	(41, 2, 'Thermex', NULL, 0),
	(42, 2, 'Северянин', NULL, 0),
	(43, 2, 'Jaspi', NULL, 0),
	(44, 2, 'ACV', NULL, 0),
	(45, 2, 'Kospel', NULL, 0),
	(46, 2, 'NIBE', NULL, 0),
	(47, 2, 'Hansa', NULL, 0),
	(48, 2, 'Neptun', NULL, 0),
	(49, 2, 'Thermagent', NULL, 0),
	(50, 2, 'AquaTech', NULL, 0),
	(51, 2, 'Unipump', NULL, 0),
	(52, 2, 'Dixis', NULL, 0),
	(53, 2, 'Reflex', NULL, 0),
	(54, 2, 'Itap', NULL, 0),
	(55, 2, 'Uponor', NULL, 0),
	(56, 2, 'Huch EnTEC', NULL, 0),
	(57, 2, 'Wester', NULL, 0),
	(58, 2, 'Meibes', NULL, 0),
	(59, 2, 'S-Tank', NULL, 0),
	(60, 2, 'Изотерм', NULL, 0),
	(61, 2, 'Barberi', NULL, 0),
	(62, 2, 'Oventrop', NULL, 0),
	(63, 2, 'ЭкоПром', NULL, 0),
	(64, 2, 'Rommer', NULL, 0),
	(65, 2, 'Leoch', NULL, 0),
	(66, 2, 'Теплофорум', NULL, 0),
	(67, 2, 'WBR', NULL, 0),
	(68, 2, 'Esbe', NULL, 0),
	(69, 2, 'Flamco', NULL, 0),
	(70, 2, 'Global', NULL, 0),
	(71, 2, 'Purmo', NULL, 0),
	(72, 2, 'Kermi', NULL, 0),
	(73, 2, 'Rifar', NULL, 0),
	(74, 2, 'Лидея', NULL, 0),
	(75, 2, 'Konner', NULL, 0),
	(76, 2, 'Royal Thermo', NULL, 0),
	(77, 2, 'Radolit', NULL, 0),
	(78, 2, 'Cordivari', NULL, 0),
	(79, 2, 'Stelrad', NULL, 0),
	(80, 2, 'Zehnder', NULL, 0),
	(81, 2, 'Arbonia', NULL, 0),
	(82, 2, 'Drazice', NULL, 0),
	(83, 2, 'OSO', NULL, 0),
	(84, 2, 'Superlux', NULL, 0),
	(85, 2, 'Atmor', NULL, 0),
	(86, 2, 'Gorenje', NULL, 0),
	(87, 2, 'Termica', NULL, 0),
	(88, 2, 'Grundfos', NULL, 0),
	(89, 2, 'Wilo', NULL, 0),
	(90, 2, 'Pumpman', NULL, 0),
	(91, 2, 'SFA', NULL, 0),
	(92, 2, 'DAB', NULL, 0),
	(93, 2, 'Джилекс', NULL, 0),
	(94, 2, 'SBM-Group', NULL, 0),
	(95, 2, 'Henco', NULL, 0),
	(96, 2, 'Pro Aqua', NULL, 0),
	(97, 2, 'KAN-therm', NULL, 0),
	(98, 2, 'Wieland', NULL, 0),
	(99, 2, 'Ekoplastik', NULL, 0),
	(100, 2, 'Kofulso', NULL, 0),
	(101, 2, 'Frankische', NULL, 0),
	(102, 2, 'APE', NULL, 0),
	(103, 2, 'Sanha', NULL, 0),
	(104, 2, 'ТВЭЛ ПЭКС', NULL, 0),
	(105, 2, 'Ostendorf', NULL, 0),
	(106, 2, 'Хемкор', NULL, 0),
	(107, 2, 'Политрон', NULL, 0),
	(108, 2, 'Polytron-ProKan', NULL, 0),
	(109, 2, 'ГАЛЛОП', NULL, 0),
	(110, 2, 'Emmeti', NULL, 0),
	(111, 2, 'Tiemme', NULL, 0),
	(112, 2, 'Watts', NULL, 0),
	(113, 2, 'Danfoss', NULL, 0),
	(114, 2, 'Luxor', NULL, 0),
	(115, 2, 'Herz', NULL, 0),
	(116, 2, 'Naval', NULL, 0),
	(117, 2, 'IMI TA', NULL, 0),
	(118, 2, 'IMI Heimeier', NULL, 0),
	(119, 2, 'Duco', NULL, 0),
	(120, 2, 'Tecofi', NULL, 0),
	(121, 2, 'Brennen', NULL, 0),
	(122, 2, 'ЭКО НОМ', NULL, 0),
	(123, 2, 'Micro Line TECHNOLOGIES', NULL, 0),
	(124, 2, 'IMIT', NULL, 0),
	(125, 2, 'Salus', NULL, 0),
	(126, 2, 'CAEM', NULL, 0),
	(127, 2, 'Campini', NULL, 0),
	(128, 2, 'Fantini Cosmi', NULL, 0),
	(129, 2, 'Cewal', NULL, 0),
	(130, 2, 'Норма ИС', NULL, 0),
	(131, 2, 'TECH', NULL, 0),
	(132, 2, 'XLayder', NULL, 0),
	(133, 2, 'Perry', NULL, 0),
	(134, 2, 'Теплолюкс', NULL, 0),
	(135, 2, 'Freezstop', NULL, 0),
	(136, 2, 'Ensto', NULL, 0),
	(137, 2, 'ЗМК', NULL, 0),
	(138, 2, 'Энергофлекс', NULL, 0),
	(139, 2, 'Profixings', NULL, 0),
	(140, 2, 'Unipak', NULL, 0),
	(141, 2, 'Felder', NULL, 0),
	(142, 2, 'Viega', NULL, 0),
	(143, 2, 'Thermo', NULL, 0),
	(144, 2, 'Национальный комфорт', NULL, 0),
	(145, 2, 'Green Box', NULL, 0),
	(146, 2, 'Тепломаш', NULL, 0),
	(147, 2, 'Ballu', NULL, 0),
	(148, 2, 'Reventon', NULL, 0),
	(149, 3, 'газовые', NULL, 0),
	(150, 3, 'электрические', NULL, 0),
	(151, 3, 'со сменными горелками', NULL, 0),
	(152, 3, 'твердотопливные', NULL, 0),
	(153, 3, 'дизельные', NULL, 0),
	(154, 3, 'комбинированные', NULL, 0),
	(155, 4, 'двухконтурные (встроенный теплообменник ГВС)', NULL, 0),
	(156, 4, 'одноконтурные (без встроенного теплообменника ГВС)', NULL, 0),
	(157, 5, 'настенные', NULL, 0),
	(158, 5, 'напольные', NULL, 0),
	(159, 6, 'традиционные', NULL, 0),
	(160, 7, 'медь', NULL, 0),
	(161, 7, 'стальные', NULL, 0),
	(162, 7, 'чугунные', NULL, 0),
	(163, 7, 'алюминиевый сплав', NULL, 0),
	(164, 7, 'нержавеющая сталь', NULL, 0),
	(165, 7, 'силумин', NULL, 0),
	(166, 8, 'закрытая камера', NULL, 0),
	(167, 8, 'открытая камера', NULL, 0),
	(168, NULL, 'КПД', '%', 0),
	(209, NULL, 'Допустимое рабочее давление теплоносителя', 'бар', 0),
	(210, NULL, 'Допустимая температура подачи', 'С', 0),
	(211, NULL, 'Мощность', 'кВт', 0),
	(212, 10, '60/100', 'мм', 0),
	(213, 10, '130', 'мм', 0),
	(214, 10, '80/125', 'мм', 0),
	(215, 10, '110/160', 'мм', 0),
	(216, 10, '75/75', 'мм', 0),
	(217, 10, '135', 'мм', 0),
	(218, 10, '110', 'мм', 0),
	(219, 10, '150', 'мм', 0),
	(220, 10, '156', 'мм', 0),
	(221, 10, '176', 'мм', 0),
	(222, 10, '20', 'мм', 0),
	(223, 10, '136', 'мм', 0),
	(224, 10, '155', 'мм', 0),
	(225, 10, '180', 'мм', 0),
	(226, 10, '120', 'мм', 0),
	(227, 10, '100/150', 'мм', 0),
	(228, 10, '200', 'мм', 0),
	(229, 10, '225', 'мм', 0),
	(230, 10, '250', 'мм', 0),
	(231, 10, '114', 'мм', 0),
	(232, 10, '80', 'мм', 0),
	(233, 10, '115', 'мм', 0),
	(234, 10, '220', 'мм', 0),
	(235, 10, '75', 'мм', 0),
	(236, 10, '160', 'мм', 0),
	(237, 10, '140', 'мм', 0),
	(238, 10, '255/125', 'мм', 0),
	(239, 10, '102', 'мм', 0),
	(240, 10, '255/100', 'мм', 0),
	(241, 10, '120/200', 'мм', 0),
	(242, 10, '210/95', 'мм', 0),
	(243, 10, '100', 'мм', 0),
	(244, 10, '159', 'мм', 0),
	(245, 10, '128', 'мм', 0),
	(246, 10, '178', 'мм', 0),
	(247, 10, '300', 'мм', 0),
	(248, 10, '148', 'мм', 0),
	(249, 10, '360', 'мм', 0),
	(250, 10, '142', 'мм', 0),
	(251, 10, '132', 'мм', 0),
	(252, 10, '182', 'мм', 0),
	(253, 10, '80/100', 'мм', 0),
	(254, 10, '125', 'мм', 0),
	(255, 10, '195', 'мм', 0),
	(256, 10, '350', 'мм', 0),
	(257, 10, '400', 'мм', 0),
	(258, 10, '500', 'мм', 0),
	(259, NULL, 'Расход сжиженного газа', 'кг/ч', 0),
	(260, NULL, 'Расход природного газа', 'м³/ч', 0),
	(261, NULL, 'Производительность горячей воды', 'л/мин', 0),
	(262, NULL, 'Вес', 'кг', 0),
	(263, NULL, 'Длина', 'мм', 0),
	(264, NULL, 'Ширина', 'мм', 0),
	(265, NULL, 'Высота', 'мм', 0),
	(266, 11, '4', NULL, 0),
	(267, 11, '3', NULL, 0),
	(268, 11, '2', NULL, 0),
	(269, 11, '6', NULL, 0),
	(270, 11, '9', NULL, 0),
	(271, 11, '12', NULL, 0),
	(272, 11, '7', NULL, 0),
	(273, 11, '1', NULL, 0),
	(274, 11, '5', NULL, 0),
	(275, 11, '15', NULL, 0),
	(276, 11, '30', NULL, 0),
	(277, 12, '400/230', 'В', 0),
	(278, 12, '220/380', 'В', 0),
	(279, 12, '380', 'В', 0),
	(280, 12, '220', 'В', 0),
	(281, 12, '220, 380', 'В', 0),
	(282, 12, '400', 'В', 0),
	(283, 12, '220±22/380±38', 'В', 0),
	(284, 12, '380±38 В', 'В', 0),
	(285, 12, '380 (220) ± 10%', 'В', 0),
	(286, 12, '380 ± 10%', 'В', 0),
	(287, 12, '230 В', 'В', 0),
	(288, 12, '220/400', 'В', 0),
	(289, 12, '230/400', 'В', 0),
	(290, 12, '200', 'В', 0),
	(291, 12, '240', 'В', 0),
	(292, 12, '220/230', 'В', 0),
	(293, 13, 'традиционные', NULL, 0),
	(294, NULL, 'Длина полена', 'мм', 0),
	(295, NULL, 'Расход жидкого топлива', 'л/ч', 0),
	(296, NULL, 'Мощность на дизельном топливе', 'кВт', 0),
	(297, NULL, 'Мощность на твердом топливе', 'кВт', 0),
	(298, NULL, 'Мощность на электричестве', 'кВт', 0),
	(299, NULL, 'Змеевик ГВС (40°С)', 'л/мин', 0),
	(300, 14, 'газовое оборудование', NULL, 0),
	(301, 14, 'теплоноситель  для систем отопления', NULL, 0),
	(302, 14, 'мембранные расширительные баки', NULL, 0),
	(303, 14, 'коллекторные шкафы', NULL, 0),
	(304, 14, 'баки для воды', NULL, 0),
	(305, 14, 'прочее оборудование для котельных', NULL, 0),
	(306, 14, 'насосные группы', NULL, 0),
	(307, 14, 'стабилизаторы сетевого напряжения', NULL, 0),
	(308, 14, 'теплообменники', NULL, 0),
	(309, 14, 'буферные емкости', NULL, 0),
	(310, 14, 'источники бесперебойного питания', NULL, 0),
	(311, 14, 'топливные баки', NULL, 0),
	(312, 14, 'фитинги резьбовые', NULL, 0),
	(313, 14, 'краны шаровые', NULL, 0),
	(314, 14, 'воздухоотводчики', NULL, 0),
	(315, 14, 'фильтры', NULL, 0),
	(316, 14, 'коллекторы для водоснабжения', NULL, 0),
	(317, 14, 'клапаны обратные', NULL, 0),
	(318, 14, 'гибкие подводки', NULL, 0),
	(319, 14, 'краны специальные', NULL, 0),
	(320, 14, 'клапаны электромагнитные', NULL, 0),
	(321, 14, 'редукторы давления', NULL, 0),
	(322, 14, 'клапаны предохранительные', NULL, 0),
	(323, 14, 'клапаны смесительные ротационные', NULL, 0),
	(324, 14, 'группы безопасности котлов', NULL, 0),
	(325, 14, 'клапаны термостатические смесительные', NULL, 0),
	(326, 14, 'группы безопасности бойлеров', NULL, 0),
	(327, 14, 'вентили', NULL, 0),
	(328, 14, 'клапаны балансировочные', NULL, 0),
	(329, 14, 'задвижки', NULL, 0),
	(330, 14, 'клапаны перепускные', NULL, 0),
	(331, 14, 'клапаны подпиточные', NULL, 0),
	(332, 14, 'сепараторы', NULL, 0),
	(333, 14, 'клапаны регулирующие', NULL, 0),
	(334, 14, 'компенсаторы антивибрационные', NULL, 0),
	(335, 14, 'затворы', NULL, 0),
	(336, 14, 'крепеж', NULL, 0),
	(337, 14, 'материалы', NULL, 0),
	(338, 14, 'инструменты', NULL, 0),
	(339, 14, 'терморегуляторы', NULL, 0),
	(340, 14, 'нагревательные маты  кабельные', NULL, 0),
	(341, 14, 'коврики с подогревом', NULL, 0),
	(342, 14, 'комплектующие', NULL, 0),
	(343, 14, 'нагревательные маты пленочные', NULL, 0),
	(344, 14, 'нагревательные пленки', NULL, 0),
	(345, 14, 'нагревательные кабели', NULL, 0),
	(346, 14, 'тепловые завесы', NULL, 0),
	(347, 14, 'тепловые пушки', NULL, 0),
	(348, 14, 'тепловентиляторы', NULL, 0),
	(349, 14, 'электрические конвекторы', NULL, 0),
	(350, 15, 'фитинги для газовых труб', NULL, 0),
	(351, 15, 'газовые трубы', NULL, 0),
	(352, 15, 'газовая арматура', NULL, 0),
	(353, 16, 'муфты с переходом на ВР', NULL, 0),
	(354, 16, 'муфты с переходом на НР', NULL, 0),
	(355, 17, 'латунь', NULL, 0),
	(356, 17, 'нержавеющая сталь', NULL, 0),
	(357, 17, 'никелированная латунь', NULL, 0),
	(358, 17, 'сталь, латунь, EPP-Изоляция', NULL, 0),
	(359, 17, 'сталь', NULL, 0),
	(360, 17, 'сталь с лаковым покрытием, EPP-Изоляция', NULL, 0),
	(361, 17, 'конструкционная сталь', NULL, 0),
	(362, 17, 'черная сталь', NULL, 0),
	(364, 17, 'сталь, латунь', NULL, 0),
	(365, 17, 'полиэтилен', NULL, 0),
	(367, 17, 'алюминиевые', NULL, 0),
	(368, 17, 'биметаллические', NULL, 0),
	(370, 17, 'вспененный полипропилен', NULL, 0),
	(371, 17, 'из сшитого полиэтилена', NULL, 0),
	(372, 17, 'металлопластиковые', NULL, 0),
	(373, 17, 'полипропиленовые', NULL, 0),
	(375, 17, 'медные', NULL, 0),
	(376, 17, 'теплоизолированные', NULL, 0),
	(378, 17, 'АБС-пластик', NULL, 0),
	(379, 17, 'оцинкованная сталь', NULL, 0),
	(380, 17, 'латунь ЛС-59 с покрытием хромом', NULL, 0),
	(381, 17, 'пластик', NULL, 0),
	(382, 17, 'чугун', NULL, 0),
	(383, 17, 'Вспененный полиэтилен', NULL, 0),
	(385, 17, 'ПНД', NULL, 0),
	(386, 17, 'нержавеющая сталь А2', NULL, 0),
	(387, 17, 'Лён', NULL, 0),
	(388, 17, 'Тефлоновое покрытие', NULL, 0),
	(391, 17, 'Пенополиэтилен с покрытием - алюминиевая фольга', NULL, 0),
	(392, 17, 'Алюминий', NULL, 0),
	(393, 18, 'резьбовое', NULL, 0),
	(394, 19, '1/2 ″', NULL, 0),
	(395, 19, '1 ″', NULL, 0),
	(396, 19, '3/4 ″', NULL, 0),
	(397, 19, '1 1/4 ″', NULL, 0),
	(398, 19, '2 ″', NULL, 0),
	(399, 19, '1 1/2 ″', NULL, 0),
	(400, 20, '15', 'мм', 0),
	(401, 20, '25', 'мм', 0),
	(402, 20, '20', 'мм', 0),
	(403, NULL, 'Объем', 'л', 0),
	(404, NULL, 'Максимальная рабочая температура', '°C', 0),
	(405, NULL, 'Минимальная рабочая температура', '°C', 0),
	(406, NULL, 'Внешний диаметр', 'мм', 0),
	(407, NULL, 'Толщина стенки', 'мм', 0),
	(408, 21, 'для водоснабжения', NULL, 0),
	(409, 21, 'для отопления', NULL, 0),
	(410, 21, 'для внутренней канализации', NULL, 0),
	(411, 21, 'для наружной канализации', NULL, 0),
	(412, NULL, 'Давление', 'бар', 0),
	(413, NULL, 'Глубина', 'мм', 0),
	(414, NULL, 'Диаметр', 'мм', 0),
	(415, 22, '20', 'мм', 0),
	(416, 22, '25', 'мм', 0),
	(417, 22, '32', 'мм', 0),
	(418, 22, '40', 'мм', 0),
	(419, 22, '65', 'мм', 0),
	(420, 22, '50', 'мм', 0),
	(421, 22, '19', 'мм', 0),
	(422, 22, '76', 'мм', 0),
	(423, 22, '15', 'мм', 0),
	(424, 22, '25x25', 'мм', 0),
	(425, 22, '80', 'мм', 0),
	(426, 22, '2&Prime;', 'мм', 0),
	(427, 22, '1 1/2&Prime;', 'мм', 0),
	(428, 22, '1 1/4&Prime;', 'мм', 0),
	(429, 22, '100', 'мм', 0),
	(430, 22, '150', 'мм', 0),
	(431, 22, '25.40', 'мм', 0),
	(432, 22, '31.75', 'мм', 0),
	(433, 22, '12.7', 'мм', 0),
	(434, 22, '120', 'мм', 0),
	(435, 22, '190', 'мм', 0),
	(436, 22, '30', 'мм', 0),
	(437, 22, '125', 'мм', 0),
	(438, 22, '200', 'мм', 0),
	(439, 22, '300', 'мм', 0),
	(440, 22, '250', 'мм', 0),
	(441, 23, 'краны шаровые для газа', NULL, 0),
	(442, 24, 'бабочка', NULL, 0),
	(443, 24, 'рычаг', NULL, 0),
	(444, 25, '1/2 ″', NULL, 0),
	(445, 25, '1 ″', NULL, 0),
	(446, 25, '3/4 ″', NULL, 0),
	(447, 25, '1 1/4 ″', NULL, 0),
	(448, 25, '2 ″', NULL, 0),
	(449, 25, '1 1/2 ″', NULL, 0),
	(450, NULL, 'Максимальная температура теплоносителя', '°C', 0),
	(451, NULL, 'Минимальная температура теплоносителя', '°C', 0),
	(452, NULL, 'Диаметр с изоляцией', 'мм', 0),
	(453, NULL, 'Диаметр без изоляции', 'мм', 0),
	(454, NULL, 'Температура эксплуатации максимальная', '°C', 0),
	(455, NULL, 'Температура эксплуатации минимальная', '°C', 0),
	(456, NULL, 'Минимальное входное напряжение', 'В', 0),
	(457, 26, 'панельные', NULL, 0),
	(458, 26, 'секционные', NULL, 0),
	(459, 26, 'трубчатые', NULL, 0),
	(460, 26, 'вертикальные', NULL, 0),
	(461, 26, 'горизонтальные', NULL, 0),
	(462, 26, 'универсальный монтаж', NULL, 0),
	(463, 26, 'станции биологической очистки', NULL, 0),
	(464, 26, 'станции биохимической очистки', NULL, 0),
	(465, 26, 'септики', NULL, 0),
	(466, 27, 'Традиционные', NULL, 0),
	(467, 27, 'дизайн-радиаторы', NULL, 0),
	(468, 27, 'гигиенические', NULL, 0),
	(469, NULL, 'Масса', 'кг', 0),
	(470, NULL, 'Межосевое расстояние', 'мм', 0),
	(471, NULL, 'Емкость', 'л', 0),
	(472, NULL, 'Количество секций', NULL, 0),
	(473, 28, 'газовые', NULL, 0),
	(474, 28, 'косвенного нагрева', NULL, 0),
	(475, 28, 'комбинированные', NULL, 0),
	(476, 28, 'электрические', NULL, 0),
	(477, 29, 'проточные', NULL, 0),
	(478, 29, 'накопительные', NULL, 0),
	(479, 30, 'настенные', NULL, 0),
	(480, 30, 'напольные', NULL, 0),
	(481, 30, 'встраиваемые', NULL, 0),
	(482, 31, 'отсутствует', NULL, 0),
	(483, 31, 'нержавеющая сталь', NULL, 0),
	(484, 31, 'стальной с эмалированным покрытием', NULL, 0),
	(485, 31, 'биостеклофарфор', NULL, 0),
	(486, NULL, 'Максимальное рабочее давление', 'бар', 0),
	(487, NULL, 'Максимальная температура', '°C', 0),
	(488, NULL, 'Дымоход', 'мм', 0),
	(489, NULL, 'Мощность теплообменника', 'кВт', 0),
	(490, NULL, 'Минимальное рабочее давление', 'бар', 0),
	(491, NULL, 'Суммарная мощность всех ТЭНов', 'кВт', 0),
	(492, 32, 'мокрый ТЭН', NULL, 0),
	(493, 32, 'сухой ТЭН', NULL, 0),
	(494, 33, 'для системы отопления', NULL, 0),
	(495, 33, 'для водоснабжения', NULL, 0),
	(496, 33, 'для канализации', NULL, 0),
	(497, 33, 'для водоотведения', NULL, 0),
	(498, 33, 'для отопления и водоснабжения', NULL, 0),
	(499, 33, 'для отопления', NULL, 0),
	(500, 33, 'для хол./для горячей воды', NULL, 0),
	(501, 33, 'для холодной воды', NULL, 0),
	(502, 33, 'для горячей воды', NULL, 0),
	(503, 34, 'циркуляционные с мокрым ротором', NULL, 0),
	(504, 34, 'погружные', NULL, 0),
	(505, 34, 'самовсасывающие', NULL, 0),
	(506, 34, 'поверхностные', NULL, 0),
	(507, 34, 'циркуляционные с сухим ротором', NULL, 0),
	(508, 34, 'крыльчатый одноструйный сухоходный', NULL, 0),
	(509, 34, 'крыльчатый одноструйный', NULL, 0),
	(510, 34, 'универсальный одноструйный', NULL, 0),
	(511, 34, 'сухоходный', NULL, 0),
	(512, 34, 'крыльчатый многоструйный мокроходный', NULL, 0),
	(513, 34, 'крыльчатый многоструйный сухоходный', NULL, 0),
	(514, 34, 'водяные', NULL, 0),
	(515, 35, 'со ступенчатым регулированием скорости', NULL, 0),
	(516, 35, 'с электронным регулированием скорости', NULL, 0),
	(517, 35, 'установки для отвода сточных вод с фекалиями', NULL, 0),
	(518, 35, 'установки для отвода сточных вод без фекалий', NULL, 0),
	(519, 35, 'дренажные грязевые', NULL, 0),
	(520, 35, 'консольные', NULL, 0),
	(521, 35, 'бытовые установки для отвода сточных вод', NULL, 0),
	(522, NULL, 'Минимальная температура', '°C', 0),
	(523, NULL, 'Класс электрозащиты', NULL, 0),
	(524, NULL, 'Мощность двигателя', 'кВт', 0),
	(525, NULL, 'Максимальная производительность', 'м³/час', 0),
	(526, NULL, 'Напор', 'м', 0),
	(527, NULL, 'Монтажная длина', 'мм', 0),
	(528, 36, 'повышения давления', NULL, 0),
	(529, 36, 'для отвода фекальных вод', NULL, 0),
	(530, 36, 'для отвода сточных вод', NULL, 0),
	(531, 36, 'для скважин', NULL, 0),
	(532, 36, 'насосные установки для водоснабжения', NULL, 0),
	(533, 36, 'для колодцев', NULL, 0),
	(534, NULL, 'Производительность', 'м³/сутки', 0),
	(535, NULL, 'Количество пользователей', NULL, 0),
	(536, NULL, 'Объем первой партии воды', 'л', 0),
	(537, NULL, 'Объем технического резервуара', 'м³', 0),
	(538, NULL, 'Количество камер', NULL, 0),
	(539, 37, 'PE-XA', NULL, 0),
	(540, 37, 'PP-R', NULL, 0),
	(541, 37, 'полиэтилен низкого давления (ПНД)', NULL, 0),
	(542, 37, 'PE-RT-Al- PE-RT', NULL, 0),
	(543, 37, 'из углеродистой стали', NULL, 0),
	(544, 37, 'из нержавеющей стали', NULL, 0),
	(545, 37, 'неотожженные', NULL, 0),
	(546, 37, 'отожженные', NULL, 0),
	(547, 37, 'PE-Xс-Al-PE-Xc', NULL, 0),
	(548, 37, 'PE-XC', NULL, 0),
	(549, 37, 'PE-RT', NULL, 0),
	(550, 38, 'без изоляции', NULL, 0),
	(551, 38, 'в теплоизоляции', NULL, 0),
	(552, 38, 'в защитном кожухе', NULL, 0),
	(553, 38, 'в теплоизоляции в защитном кожухе', NULL, 0),
	(554, NULL, 'Рабочее давление', 'бар', 0),
	(555, NULL, 'Коэффициент линейного расширения', NULL, 0),
	(556, 39, 'красный', NULL, 0),
	(557, 39, 'серый', NULL, 0),
	(558, 39, 'белый', NULL, 0),
	(559, 40, '3 диаметра трубы', NULL, 0),
	(560, 40, '5 диаметров трубы', NULL, 0),
	(561, NULL, 'Коэффициент теплопроводности', NULL, 0),
	(562, 41, 'гладкая', NULL, 0),
	(563, 41, 'гофрированная', NULL, 0),
	(564, 42, 'традиционные', NULL, 0),
	(565, 42, 'бесшумные', NULL, 0),
	(566, 42, 'малошумные', NULL, 0),
	(567, 42, '46 дБ(А)', NULL, 0),
	(568, 42, '45 дБ(А)', NULL, 0),
	(569, 42, '52 дБ(А)', NULL, 0),
	(570, 42, '53 дБ(А)', NULL, 0),
	(571, 42, '54 дБ(А)', NULL, 0),
	(572, 42, '56 дБ(А)', NULL, 0),
	(573, 42, '55 дБ(А)', NULL, 0),
	(574, 42, '57 дБ(А)', NULL, 0),
	(575, 42, '63 дБ(А)', NULL, 0),
	(576, 42, '60 дБ(А)', NULL, 0),
	(577, 42, '62 дБ(А)', NULL, 0),
	(578, 42, '64 дБ(А)', NULL, 0),
	(579, 42, '65 дБ(А)', NULL, 0),
	(580, 42, '67 дБ(А)', NULL, 0),
	(581, 42, '50 дБ(А)', NULL, 0),
	(582, 42, '51 дБ(А)', NULL, 0),
	(583, 42, '61 дБ(А)', NULL, 0),
	(584, 43, 'полипропилен', NULL, 0),
	(585, 43, 'ПВХ', NULL, 0),
	(586, 44, 'раструбный', NULL, 0),
	(587, 44, 'безраструбный', NULL, 0),
	(588, 45, 'ниппели', NULL, 0),
	(589, 45, 'удлинители', NULL, 0),
	(590, 45, 'ниппели переходные', NULL, 0),
	(591, 45, 'футорки', NULL, 0),
	(592, 45, 'заглушки', NULL, 0),
	(593, 45, 'угольники ВВ', NULL, 0),
	(594, 45, 'переходники ВН', NULL, 0),
	(595, 45, 'тройники ВВ', NULL, 0),
	(596, 45, 'муфты', NULL, 0),
	(597, 45, 'угольники НВ', NULL, 0),
	(598, 45, 'тройники переходные ВВ', NULL, 0),
	(599, 45, 'американки НР-ВР', NULL, 0),
	(600, 45, 'сгоны', NULL, 0),
	(601, 45, 'контргайки', NULL, 0),
	(602, 45, 'американки ВР', NULL, 0),
	(603, 45, 'крестовины', NULL, 0),
	(604, 45, 'штуцеры', NULL, 0),
	(605, 45, 'угольники НН', NULL, 0),
	(606, 45, 'тройники НН', NULL, 0),
	(607, 45, 'угольники с креплением', NULL, 0),
	(608, 46, '1', NULL, 0),
	(609, 46, '1/2', NULL, 0),
	(610, 46, '3', NULL, 0),
	(611, 46, '4', NULL, 0),
	(612, 46, '2', NULL, 0),
	(613, 46, '1/4', NULL, 0),
	(614, 46, '1/8', NULL, 0),
	(615, 46, '3/4', NULL, 0),
	(616, 46, '3/8', NULL, 0),
	(617, 46, '1 1/2', NULL, 0),
	(618, 46, '1 1/4', NULL, 0),
	(619, 46, '2 1/2', NULL, 0),
	(620, 46, '2 3/4', NULL, 0),
	(621, 46, '2 1/4', NULL, 0),
	(622, 46, '1 3/4', NULL, 0),
	(623, 46, '25', NULL, 0),
	(624, 47, '1', NULL, 0),
	(625, 47, '1/2', NULL, 0),
	(626, 47, '3', NULL, 0),
	(627, 47, '4', NULL, 0),
	(628, 47, '2', NULL, 0),
	(629, 47, '1/4', NULL, 0),
	(630, 47, '1/8', NULL, 0),
	(631, 47, '3/4', NULL, 0),
	(632, 47, '3/8', NULL, 0),
	(633, 47, '1 1/2', NULL, 0),
	(634, 47, '1 1/4', NULL, 0),
	(635, 47, '2 1/2', NULL, 0),
	(636, 47, '25', NULL, 0),
	(637, 48, '1/4', NULL, 0),
	(638, 48, '1 1/4', NULL, 0),
	(639, 48, '3/4', NULL, 0),
	(640, 48, '1/2', NULL, 0),
	(641, 48, '1', NULL, 0),
	(642, 48, '2', NULL, 0),
	(643, 48, '1 1/2', NULL, 0),
	(644, 48, '2 1/2', NULL, 0),
	(645, 48, '3/8', NULL, 0),
	(646, 48, '4', NULL, 0),
	(647, 48, '3', NULL, 0),
	(648, 48, '40', NULL, 0),
	(649, 49, '2', 'шт', 0),
	(650, 49, '3', 'шт', 0),
	(651, 49, '4', 'шт', 0),
	(652, NULL, 'Диаметр D1', 'мм', 0),
	(653, 50, 'резьбовое присоединение', NULL, 0),
	(654, 50, 'фланцевое присоединение', NULL, 0),
	(655, 50, 'сварное присоединение', NULL, 0),
	(656, 50, 'межфланцевое присоединение', NULL, 0),
	(657, 51, 'НЗ', NULL, 0),
	(658, 51, 'НО', NULL, 0),
	(659, NULL, 'Kvs', 'м³/ч', 0),
	(660, 52, 'Внутренняя-внутренняя', NULL, 0),
	(662, 52, 'Наружная-наружная', NULL, 0),
	(664, 52, 'наружная', NULL, 0),
	(665, 52, 'внутренняя', NULL, 0),
	(666, 53, 'EPDM', NULL, 0),
	(667, 53, 'Этилен-пропиленовый каучук', NULL, 0),
	(668, 53, 'тефлон', NULL, 0),
	(669, NULL, 'Диаметр D2', 'мм', 0),
	(670, NULL, 'Диаметр D3', 'мм', 0),
	(671, 54, 'нержавеющая сталь', NULL, 0),
	(672, 54, 'сталь', NULL, 0),
	(673, NULL, 'Температура открытия', '°C', 0),
	(674, 55, 'Контрольно-измерительные приборы', NULL, 0),
	(675, 55, 'автоматика', NULL, 0),
	(676, 56, 'манометры', NULL, 0),
	(677, 56, 'контроллеры', NULL, 0),
	(678, 56, 'термометры', NULL, 0),
	(679, 56, 'термостаты', NULL, 0),
	(680, 56, 'приводы', NULL, 0),
	(681, 56, 'GSM сигнализации', NULL, 0),
	(682, 56, 'термоманометры', NULL, 0),
	(683, 56, 'счетчики', NULL, 0),
	(684, 56, 'радиотермостаты', NULL, 0),
	(685, 56, 'сервоприводы', NULL, 0),
	(686, 56, 'радиоконтроллеры', NULL, 0),
	(687, 56, 'система защиты от протечек', NULL, 0),
	(688, 56, 'системы подогрева труб', NULL, 0),
	(689, 56, 'реле', NULL, 0),
	(690, 56, 'регуляторы', NULL, 0),
	(691, 56, 'шпильки для хомутов', NULL, 0),
	(692, 56, 'дюбеля', NULL, 0),
	(693, 56, 'теплоизоляция', NULL, 0),
	(694, 56, 'клипсы', NULL, 0),
	(695, 56, 'хомуты', NULL, 0),
	(696, 56, 'гофры', NULL, 0),
	(697, 56, 'болты', NULL, 0),
	(698, 56, 'шайбы', NULL, 0),
	(699, 56, 'гайки', NULL, 0),
	(700, 56, 'анкера', NULL, 0),
	(701, 56, 'уплотнительные материалы', NULL, 0),
	(702, 56, 'саморезы', NULL, 0),
	(703, 56, 'штанги резьбовые', NULL, 0),
	(704, 56, 'ленты перфорированные', NULL, 0),
	(705, 56, 'материалы для пайки', NULL, 0),
	(706, 56, 'инструменты для монтажа труб', NULL, 0),
	(707, 56, 'ленты самоклеющиеся', NULL, 0),
	(708, 56, 'труборезы', NULL, 0),
	(709, 56, 'инструмент для гибки труб', NULL, 0),
	(710, 56, 'калибраторы для труб', NULL, 0),
	(711, 56, 'инструмент для пайки', NULL, 0),
	(712, 56, 'монтажные ключи', NULL, 0),
	(713, 56, 'клеи, очистители', NULL, 0),
	(714, 56, 'гидропрессы', NULL, 0),
	(715, 57, 'радиальный', NULL, 0),
	(716, 57, 'аксиальный', NULL, 0),
	(717, 58, 'черный', NULL, 0),
	(718, 58, 'металлический', NULL, 0),
	(719, 58, 'белый', NULL, 0),
	(720, 58, 'оранжевый', NULL, 0),
	(721, 58, 'серый', NULL, 0),
	(722, NULL, 'Класс защиты (IP)', NULL, 0),
	(723, 59, 'инструментальное', NULL, 0),
	(724, 59, 'акриловое', NULL, 0),
	(725, 60, '0-6 бар', NULL, 0),
	(726, 60, '0-10 бар', NULL, 0),
	(727, 60, '0-16 бар', NULL, 0),
	(728, 60, '0-4 бар', NULL, 0),
	(729, 60, '0-2,5 бар', NULL, 0),
	(730, 60, '0-40 бар', NULL, 0),
	(731, 61, '0-160 °С', NULL, 0),
	(732, 61, '0-120 °С', NULL, 0),
	(733, 62, 'капиллярные', NULL, 0),
	(734, 62, 'комнатные термостаты', NULL, 0),
	(735, 62, 'счетчики воды', NULL, 0),
	(736, 62, 'накладные термостаты', NULL, 0),
	(737, 62, 'термостаты биметаллические', NULL, 0),
	(738, 62, 'погружные термостаты', NULL, 0),
	(739, 62, 'термостаты в корпусе', NULL, 0),
	(740, 62, 'датчики протечки воды', NULL, 0),
	(741, 62, 'комплектующие для счетчиков', NULL, 0),
	(742, 62, 'краны шаровые с электроприводом', NULL, 0),
	(743, 62, 'готовые комплекты', NULL, 0),
	(744, 62, 'модули управления', NULL, 0),
	(745, 62, 'регуляторы давления', NULL, 0),
	(746, 62, 'реле температуры', NULL, 0),
	(747, 62, 'дополнительная арматура', NULL, 0),
	(748, 62, 'регуляторы температуры', NULL, 0),
	(749, 62, 'комплектующие для манометров и термометров', NULL, 0),
	(750, 62, 'счетчики тепла', NULL, 0),
	(751, 62, 'металлопластиковых труб', NULL, 0),
	(754, 62, 'труб из сшитого полиэтилена', NULL, 0),
	(755, 62, 'для медных труб', NULL, 0),
	(756, 62, 'полипропиленовых труб', NULL, 0),
	(757, 62, 'для нержавеющей стали', NULL, 0),
	(758, 63, '2 В', NULL, 0),
	(759, 63, '4 В', NULL, 0),
	(760, 63, '230 В', NULL, 0),
	(761, 63, '24 В', NULL, 0),
	(762, 63, '9 В', NULL, 0),
	(763, 63, '5 В', NULL, 0),
	(764, 64, 'встраиваемый', NULL, 0),
	(765, 64, 'накладной', NULL, 0),
	(766, 65, '12 В', NULL, 0),
	(767, 65, '220 В', NULL, 0),
	(768, 65, '16 В', NULL, 0),
	(769, 65, '3 В', NULL, 0),
	(770, 66, 'проводной', NULL, 0),
	(771, 66, 'беспроводной', NULL, 0),
	(772, 1, 'Нидерланды', NULL, 0),
	(773, NULL, 'Вид топлива', NULL, 0),
	(774, 14, 'электрические полотенцесушители', NULL, 0),
	(775, NULL, 'Длина', 'м', 0),
	(776, 46, '1 1/4″', NULL, 0),
	(777, NULL, 'Номинальный расход', 'м³/ч', 0),
	(778, NULL, 'Максимальный расход', 'м³/ч', 0),
	(779, 67, 'Серый', NULL, 0),
	(780, 67, 'Синий', NULL, 0),
	(781, 67, 'Красный', NULL, 0),
	(782, 67, 'Бежевый', NULL, 0),
	(783, 67, 'светло-серый', NULL, 0),
	(784, 67, 'синий', NULL, 0),
	(785, 67, 'серый', NULL, 0),
	(786, 67, 'бежевый', NULL, 0),
	(787, 67, 'Металлический', NULL, 0),
	(788, 67, 'Белый', NULL, 0),
	(789, 67, 'Металлик', NULL, 0),
	(790, 67, 'красный', NULL, 0);
/*!40000 ALTER TABLE `attribute_product` ENABLE KEYS */;

-- Дамп структуры для таблица mvk_crm.client
CREATE TABLE IF NOT EXISTS `client` (
  `id` bigint(20) unsigned NOT NULL AUTO_INCREMENT,
  `name` varchar(50) COLLATE utf8_unicode_ci DEFAULT NULL,
  `last_name` varchar(50) COLLATE utf8_unicode_ci DEFAULT NULL,
  `first_phone` varchar(50) COLLATE utf8_unicode_ci DEFAULT NULL,
  `second_phone` varchar(50) COLLATE utf8_unicode_ci DEFAULT NULL,
  `email` varchar(50) COLLATE utf8_unicode_ci DEFAULT NULL,
  PRIMARY KEY (`id`)
) ENGINE=InnoDB DEFAULT CHARSET=utf8 COLLATE=utf8_unicode_ci;

-- Дамп данных таблицы mvk_crm.client: ~0 rows (приблизительно)
/*!40000 ALTER TABLE `client` DISABLE KEYS */;
/*!40000 ALTER TABLE `client` ENABLE KEYS */;

-- Дамп структуры для таблица mvk_crm.directory
CREATE TABLE IF NOT EXISTS `directory` (
  `id` bigint(20) unsigned NOT NULL,
  `parent_id` bigint(20) unsigned DEFAULT NULL,
  `name` varchar(50) COLLATE utf8_unicode_ci NOT NULL,
  PRIMARY KEY (`id`),
  KEY `FK_directory_directory` (`parent_id`),
  CONSTRAINT `FK_directory_directory` FOREIGN KEY (`parent_id`) REFERENCES `directory` (`id`) ON DELETE CASCADE
) ENGINE=InnoDB DEFAULT CHARSET=utf8 COLLATE=utf8_unicode_ci;

-- Дамп данных таблицы mvk_crm.directory: ~0 rows (приблизительно)
/*!40000 ALTER TABLE `directory` DISABLE KEYS */;
/*!40000 ALTER TABLE `directory` ENABLE KEYS */;

-- Дамп структуры для таблица mvk_crm.estimate
CREATE TABLE IF NOT EXISTS `estimate` (
  `id` bigint(20) unsigned NOT NULL AUTO_INCREMENT,
  `user_id` bigint(20) unsigned DEFAULT NULL,
  `root_organization_id` bigint(20) unsigned DEFAULT NULL,
  `object_id` bigint(20) unsigned DEFAULT NULL COMMENT 'если это смета к объекту',
  `type` tinyint(3) unsigned NOT NULL DEFAULT '0' COMMENT '0 - базовый шаблон  1- шаблон 2- смета',
  `name` varchar(50) COLLATE utf8_unicode_ci NOT NULL,
  `status` tinyint(3) unsigned NOT NULL DEFAULT '0' COMMENT '0- создана 1- вработе',
  PRIMARY KEY (`id`),
  KEY `FK_estimate_user` (`user_id`),
  KEY `FK_estimate_organization` (`root_organization_id`),
  KEY `FK_estimate_object` (`object_id`),
  CONSTRAINT `FK_estimate_object` FOREIGN KEY (`object_id`) REFERENCES `object_work` (`id`) ON DELETE CASCADE,
  CONSTRAINT `FK_estimate_organization` FOREIGN KEY (`root_organization_id`) REFERENCES `organization` (`id`) ON DELETE SET NULL,
  CONSTRAINT `FK_estimate_user` FOREIGN KEY (`user_id`) REFERENCES `user` (`id`) ON DELETE SET NULL
) ENGINE=InnoDB DEFAULT CHARSET=utf8 COLLATE=utf8_unicode_ci COMMENT='сметы и шаблоны';

-- Дамп данных таблицы mvk_crm.estimate: ~0 rows (приблизительно)
/*!40000 ALTER TABLE `estimate` DISABLE KEYS */;
/*!40000 ALTER TABLE `estimate` ENABLE KEYS */;

-- Дамп структуры для таблица mvk_crm.foreman
CREATE TABLE IF NOT EXISTS `foreman` (
  `id` bigint(20) unsigned NOT NULL AUTO_INCREMENT,
  `name` varchar(100) COLLATE utf8_unicode_ci DEFAULT NULL,
  `phone` varchar(30) COLLATE utf8_unicode_ci DEFAULT NULL,
  `email` varchar(50) COLLATE utf8_unicode_ci DEFAULT NULL,
  PRIMARY KEY (`id`)
) ENGINE=InnoDB DEFAULT CHARSET=utf8 COLLATE=utf8_unicode_ci COMMENT='прорабы';

-- Дамп данных таблицы mvk_crm.foreman: ~0 rows (приблизительно)
/*!40000 ALTER TABLE `foreman` DISABLE KEYS */;
/*!40000 ALTER TABLE `foreman` ENABLE KEYS */;

-- Дамп структуры для таблица mvk_crm.log
CREATE TABLE IF NOT EXISTS `log` (
  `type` tinyint(4) DEFAULT NULL,
  `name` varchar(50) COLLATE utf8_unicode_ci DEFAULT NULL,
  `message` tinytext COLLATE utf8_unicode_ci,
  `time` datetime DEFAULT NULL,
  `label` varchar(8) COLLATE utf8_unicode_ci DEFAULT NULL
) ENGINE=InnoDB DEFAULT CHARSET=utf8 COLLATE=utf8_unicode_ci;

-- Дамп данных таблицы mvk_crm.log: ~0 rows (приблизительно)
/*!40000 ALTER TABLE `log` DISABLE KEYS */;
/*!40000 ALTER TABLE `log` ENABLE KEYS */;

-- Дамп структуры для таблица mvk_crm.object_file
CREATE TABLE IF NOT EXISTS `object_file` (
  `id` bigint(20) unsigned NOT NULL AUTO_INCREMENT,
  `object_id` bigint(20) unsigned NOT NULL,
  `type` tinyint(3) unsigned NOT NULL COMMENT '0-Разное 1- В работе 2-Документы 3-Финансы',
  `label` varchar(100) COLLATE utf8_unicode_ci NOT NULL COMMENT 'пользовательское название',
  `name` char(37) COLLATE utf8_unicode_ci NOT NULL COMMENT 'физическое название',
  PRIMARY KEY (`id`),
  KEY `FK_object_file_object` (`object_id`),
  CONSTRAINT `FK_object_file_object` FOREIGN KEY (`object_id`) REFERENCES `object_work` (`id`) ON DELETE CASCADE
) ENGINE=InnoDB DEFAULT CHARSET=utf8 COLLATE=utf8_unicode_ci;

-- Дамп данных таблицы mvk_crm.object_file: ~0 rows (приблизительно)
/*!40000 ALTER TABLE `object_file` DISABLE KEYS */;
/*!40000 ALTER TABLE `object_file` ENABLE KEYS */;

-- Дамп структуры для таблица mvk_crm.object_work
CREATE TABLE IF NOT EXISTS `object_work` (
  `id` bigint(20) unsigned NOT NULL AUTO_INCREMENT,
  `root_organization_id` bigint(20) unsigned DEFAULT NULL,
  `directory_id` bigint(20) unsigned DEFAULT NULL,
  `user_id` bigint(20) unsigned DEFAULT NULL COMMENT 'id пользователя кто создал объект',
  `client_id` bigint(20) unsigned DEFAULT NULL,
  `foreman_id` bigint(20) unsigned DEFAULT NULL,
  `name` varchar(50) COLLATE utf8_unicode_ci NOT NULL,
  `amount` decimal(16,2) DEFAULT NULL COMMENT 'Сумма',
  `square` double DEFAULT NULL COMMENT 'Площадь в кв.м.',
  `floor` int(11) DEFAULT NULL COMMENT 'Этажи',
  `radiators` int(11) DEFAULT NULL COMMENT 'Радиаторы в шт.',
  `warm_floor` double DEFAULT NULL COMMENT 'Тёплый пол в кв.м.',
  `boiler_room_power` double DEFAULT NULL COMMENT 'Мощность котельной в кВт',
  `address` varchar(50) COLLATE utf8_unicode_ci DEFAULT NULL COMMENT 'Адрес объекта',
  `image` char(37) COLLATE utf8_unicode_ci DEFAULT NULL COMMENT 'Основное фото объекта',
  `images` json DEFAULT NULL COMMENT 'Дополнительные фото объекта',
  `is_delete` tinyint(4) NOT NULL DEFAULT '0' COMMENT '1-в корзине ',
  PRIMARY KEY (`id`),
  KEY `FK_object_user` (`user_id`),
  KEY `FK_object_organization` (`root_organization_id`),
  KEY `FK_object_directory` (`directory_id`),
  KEY `FK_object_client` (`client_id`),
  KEY `FK_object_foreman` (`foreman_id`),
  CONSTRAINT `FK_object_client` FOREIGN KEY (`client_id`) REFERENCES `client` (`id`) ON DELETE SET NULL,
  CONSTRAINT `FK_object_directory` FOREIGN KEY (`directory_id`) REFERENCES `directory` (`id`) ON DELETE SET NULL,
  CONSTRAINT `FK_object_foreman` FOREIGN KEY (`foreman_id`) REFERENCES `foreman` (`id`) ON DELETE SET NULL,
  CONSTRAINT `FK_object_organization` FOREIGN KEY (`root_organization_id`) REFERENCES `organization` (`id`) ON DELETE SET NULL,
  CONSTRAINT `FK_object_user` FOREIGN KEY (`user_id`) REFERENCES `user` (`id`) ON DELETE SET NULL
) ENGINE=InnoDB DEFAULT CHARSET=utf8 COLLATE=utf8_unicode_ci COMMENT='При удалении пользователя проставлять id владельца организации.\r\nПри удалении организации удалять все объекты';

-- Дамп данных таблицы mvk_crm.object_work: ~0 rows (приблизительно)
/*!40000 ALTER TABLE `object_work` DISABLE KEYS */;
/*!40000 ALTER TABLE `object_work` ENABLE KEYS */;

-- Дамп структуры для таблица mvk_crm.organization
CREATE TABLE IF NOT EXISTS `organization` (
  `id` bigint(20) unsigned NOT NULL AUTO_INCREMENT,
  `user_id` bigint(20) unsigned NOT NULL COMMENT 'владелец организации',
  `root_id` bigint(20) unsigned DEFAULT NULL COMMENT 'id  главной аргонизации',
  `name` varchar(50) COLLATE utf8_unicode_ci NOT NULL,
  `inn` varchar(50) COLLATE utf8_unicode_ci NOT NULL,
  `legal_address` varchar(50) COLLATE utf8_unicode_ci NOT NULL COMMENT 'Юридический адрес',
  `postal_address` varchar(50) COLLATE utf8_unicode_ci NOT NULL COMMENT 'Почтовый адрес',
  `correspondent_account` varchar(50) COLLATE utf8_unicode_ci NOT NULL COMMENT 'Корреспондентский счет',
  `payment_account` varchar(50) COLLATE utf8_unicode_ci NOT NULL COMMENT 'Расчётный счёт',
  `name_director` varchar(50) COLLATE utf8_unicode_ci NOT NULL COMMENT 'ФИО руководителя',
  `position_director` varchar(50) COLLATE utf8_unicode_ci NOT NULL COMMENT 'должность руководителя',
  `by_virtue` varchar(50) COLLATE utf8_unicode_ci NOT NULL COMMENT 'на основании …',
  `image` char(37) COLLATE utf8_unicode_ci DEFAULT NULL,
  `email` varchar(50) COLLATE utf8_unicode_ci DEFAULT NULL,
  `phone` varchar(50) COLLATE utf8_unicode_ci DEFAULT NULL,
  PRIMARY KEY (`id`),
  UNIQUE KEY `inn` (`inn`),
  KEY `FK_organization_user` (`user_id`),
  CONSTRAINT `FK_organization_user` FOREIGN KEY (`user_id`) REFERENCES `user` (`id`) ON DELETE CASCADE
) ENGINE=InnoDB DEFAULT CHARSET=utf8 COLLATE=utf8_unicode_ci COMMENT='Храняться главные и подчинённые юр-лица ';

-- Дамп данных таблицы mvk_crm.organization: ~0 rows (приблизительно)
/*!40000 ALTER TABLE `organization` DISABLE KEYS */;
/*!40000 ALTER TABLE `organization` ENABLE KEYS */;

-- Дамп структуры для таблица mvk_crm.product
CREATE TABLE IF NOT EXISTS `product` (
  `id` bigint(20) unsigned NOT NULL AUTO_INCREMENT,
  `user_id` bigint(20) unsigned DEFAULT NULL COMMENT 'кто добавил товар',
  `name` varchar(200) COLLATE utf8_unicode_ci NOT NULL,
  `vendor_code` varchar(50) COLLATE utf8_unicode_ci NOT NULL COMMENT 'Артикул',
  `rrc` decimal(16,2) DEFAULT NULL COMMENT 'Рекомендованная розничная цена за ед.',
  `discount` double DEFAULT NULL COMMENT 'Скидка в процентах',
  `amount` decimal(16,2) NOT NULL COMMENT 'итоговая чена со скидкой',
  `image` char(37) COLLATE utf8_unicode_ci DEFAULT NULL,
  `type` tinyint(1) DEFAULT NULL COMMENT '0 - довар дступен всем 1-товар доступен только пользователю и его аргонизации',
  `hash` char(64) COLLATE utf8_unicode_ci NOT NULL COMMENT 'sha256(vendor_code+@+user_Id+@+дополнительная соль )',
  PRIMARY KEY (`id`),
  KEY `hash` (`hash`),
  KEY `FK_product_user` (`user_id`),
  CONSTRAINT `FK_product_user` FOREIGN KEY (`user_id`) REFERENCES `user` (`id`) ON DELETE SET NULL
) ENGINE=InnoDB DEFAULT CHARSET=utf8 COLLATE=utf8_unicode_ci COMMENT='товары для смет';

-- Дамп данных таблицы mvk_crm.product: ~0 rows (приблизительно)
/*!40000 ALTER TABLE `product` DISABLE KEYS */;
/*!40000 ALTER TABLE `product` ENABLE KEYS */;

-- Дамп структуры для таблица mvk_crm.product_analog
CREATE TABLE IF NOT EXISTS `product_analog` (
  `id` bigint(20) unsigned NOT NULL AUTO_INCREMENT,
  `product_id` bigint(20) unsigned NOT NULL,
  `analog_id` bigint(20) unsigned NOT NULL,
  `user_id` bigint(20) unsigned DEFAULT NULL,
  `product_attribute_id` bigint(20) unsigned NOT NULL,
  `analog_attribute_id` bigint(20) unsigned NOT NULL,
  `bind_type` tinyint(3) unsigned NOT NULL COMMENT '0 - для всех 1- для пользователя (видимость аналогов)',
  PRIMARY KEY (`id`),
  KEY `FK_product_analog_product` (`product_id`),
  KEY `FK_product_analog_product_2` (`analog_id`),
  KEY `FK_product_analog_user` (`user_id`),
  KEY `FK_product_analog_product_to_property` (`product_attribute_id`),
  KEY `FK_product_analog_product_to_property_2` (`analog_attribute_id`),
  CONSTRAINT `FK_product_analog_product` FOREIGN KEY (`product_id`) REFERENCES `product` (`id`) ON DELETE CASCADE,
  CONSTRAINT `FK_product_analog_product_2` FOREIGN KEY (`analog_id`) REFERENCES `product` (`id`) ON DELETE CASCADE,
  CONSTRAINT `FK_product_analog_product_to_property` FOREIGN KEY (`product_attribute_id`) REFERENCES `attribute_product` (`id`) ON DELETE CASCADE,
  CONSTRAINT `FK_product_analog_product_to_property_2` FOREIGN KEY (`analog_attribute_id`) REFERENCES `attribute_product` (`id`) ON DELETE CASCADE,
  CONSTRAINT `FK_product_analog_user` FOREIGN KEY (`user_id`) REFERENCES `user` (`id`) ON DELETE SET NULL
) ENGINE=InnoDB DEFAULT CHARSET=utf8 COLLATE=utf8_unicode_ci;

-- Дамп данных таблицы mvk_crm.product_analog: ~0 rows (приблизительно)
/*!40000 ALTER TABLE `product_analog` DISABLE KEYS */;
/*!40000 ALTER TABLE `product_analog` ENABLE KEYS */;

-- Дамп структуры для таблица mvk_crm.product_category
CREATE TABLE IF NOT EXISTS `product_category` (
  `id` bigint(20) unsigned NOT NULL AUTO_INCREMENT,
  `user_id` bigint(20) unsigned DEFAULT NULL,
  `parent_id` bigint(20) unsigned DEFAULT NULL,
  `name` varchar(200) COLLATE utf8_unicode_ci NOT NULL,
  `image` char(37) COLLATE utf8_unicode_ci DEFAULT NULL,
  `type` tinyint(4) NOT NULL DEFAULT '0' COMMENT '0 - довар дступен всем 1-товар доступен только пользователю и его аргонизации',
  `hash` char(64) COLLATE utf8_unicode_ci NOT NULL COMMENT 'sha256(name+@+user_Id+@+дополнительная соль )',
  PRIMARY KEY (`id`),
  KEY `FK_product_category_product_category` (`parent_id`),
  KEY `FK_product_category_user` (`user_id`),
  KEY `hash` (`hash`),
  CONSTRAINT `FK_product_category_product_category` FOREIGN KEY (`parent_id`) REFERENCES `product_category` (`id`) ON DELETE CASCADE,
  CONSTRAINT `FK_product_category_user` FOREIGN KEY (`user_id`) REFERENCES `user` (`id`) ON DELETE SET NULL
) ENGINE=InnoDB DEFAULT CHARSET=utf8 COLLATE=utf8_unicode_ci;

-- Дамп данных таблицы mvk_crm.product_category: ~0 rows (приблизительно)
/*!40000 ALTER TABLE `product_category` DISABLE KEYS */;
/*!40000 ALTER TABLE `product_category` ENABLE KEYS */;

-- Дамп структуры для таблица mvk_crm.product_to_attribute
CREATE TABLE IF NOT EXISTS `product_to_attribute` (
  `id` bigint(20) unsigned NOT NULL AUTO_INCREMENT,
  `attribute_id` bigint(20) unsigned NOT NULL,
  `product_id` bigint(20) unsigned NOT NULL,
  `value` varchar(100) COLLATE utf8_unicode_ci NOT NULL COMMENT 'если это совойство из списка сдесь лежит id свойства иначе значение которое ввёл пользователь',
  `hash` char(64) COLLATE utf8_unicode_ci NOT NULL DEFAULT '' COMMENT 'sha256(attribute_id+@+product_id)',
  PRIMARY KEY (`id`),
  KEY `FK_product_to_property_product` (`product_id`),
  KEY `FK_product_to_property_product_category_property` (`attribute_id`),
  KEY `hash` (`hash`),
  CONSTRAINT `FK_product_to_attribute_attribute_product` FOREIGN KEY (`attribute_id`) REFERENCES `attribute_product` (`id`) ON DELETE CASCADE,
  CONSTRAINT `FK_product_to_property_product` FOREIGN KEY (`product_id`) REFERENCES `product` (`id`) ON DELETE CASCADE
) ENGINE=InnoDB DEFAULT CHARSET=utf8 COLLATE=utf8_unicode_ci COMMENT='связь свойств категрий со свойствами товара';

-- Дамп данных таблицы mvk_crm.product_to_attribute: ~0 rows (приблизительно)
/*!40000 ALTER TABLE `product_to_attribute` DISABLE KEYS */;
/*!40000 ALTER TABLE `product_to_attribute` ENABLE KEYS */;

-- Дамп структуры для таблица mvk_crm.product_to_category
CREATE TABLE IF NOT EXISTS `product_to_category` (
  `id` bigint(20) unsigned NOT NULL AUTO_INCREMENT,
  `product_id` bigint(20) unsigned NOT NULL,
  `category_id` bigint(20) unsigned NOT NULL,
  `hash` char(64) NOT NULL COMMENT 'sha256(product_id +@+category_id)',
  PRIMARY KEY (`id`),
  KEY `FK__product` (`product_id`),
  KEY `FK_product_to_category_product_category` (`category_id`),
  KEY `hash` (`hash`),
  CONSTRAINT `FK__product` FOREIGN KEY (`product_id`) REFERENCES `product` (`id`) ON DELETE CASCADE,
  CONSTRAINT `FK_product_to_category_product_category` FOREIGN KEY (`category_id`) REFERENCES `product_category` (`id`) ON DELETE CASCADE
) ENGINE=InnoDB DEFAULT CHARSET=latin1;

-- Дамп данных таблицы mvk_crm.product_to_category: ~0 rows (приблизительно)
/*!40000 ALTER TABLE `product_to_category` DISABLE KEYS */;
/*!40000 ALTER TABLE `product_to_category` ENABLE KEYS */;

-- Дамп структуры для таблица mvk_crm.product_to_estimate
CREATE TABLE IF NOT EXISTS `product_to_estimate` (
  `id` bigint(20) unsigned NOT NULL AUTO_INCREMENT,
  `product_id` bigint(20) unsigned DEFAULT NULL COMMENT 'если товар удалён в смете и шаблонах указывать предупреждение',
  `estimate_id` bigint(20) unsigned NOT NULL,
  `template_id` bigint(20) unsigned DEFAULT NULL COMMENT 'прописывается если использован шаблон',
  PRIMARY KEY (`id`),
  KEY `FK_product_to_estimate_estimate` (`estimate_id`),
  KEY `FK_product_to_estimate_estimate_2` (`template_id`),
  KEY `FK_product_to_estimate_product` (`product_id`),
  CONSTRAINT `FK_product_to_estimate_estimate` FOREIGN KEY (`estimate_id`) REFERENCES `estimate` (`id`) ON DELETE CASCADE,
  CONSTRAINT `FK_product_to_estimate_estimate_2` FOREIGN KEY (`template_id`) REFERENCES `estimate` (`id`) ON DELETE SET NULL,
  CONSTRAINT `FK_product_to_estimate_product` FOREIGN KEY (`product_id`) REFERENCES `product` (`id`) ON DELETE SET NULL
) ENGINE=InnoDB DEFAULT CHARSET=utf8 COLLATE=utf8_unicode_ci COMMENT='Таблица связывает твары со сметами. если ест цепляет шаблон';

-- Дамп данных таблицы mvk_crm.product_to_estimate: ~0 rows (приблизительно)
/*!40000 ALTER TABLE `product_to_estimate` DISABLE KEYS */;
/*!40000 ALTER TABLE `product_to_estimate` ENABLE KEYS */;

-- Дамп структуры для таблица mvk_crm.service
CREATE TABLE IF NOT EXISTS `service` (
  `id` bigint(20) unsigned NOT NULL AUTO_INCREMENT,
  `user_id` bigint(20) unsigned DEFAULT NULL,
  `root_organization_id` bigint(20) unsigned DEFAULT NULL,
  `name` varchar(50) COLLATE utf8_unicode_ci NOT NULL DEFAULT '0',
  `unit` varchar(50) COLLATE utf8_unicode_ci NOT NULL COMMENT 'единица измерения',
  `price` decimal(16,2) NOT NULL,
  `customer_margin` double NOT NULL COMMENT 'наценка для заказчика',
  PRIMARY KEY (`id`),
  KEY `FK_service_user` (`user_id`),
  KEY `FK_service_organization` (`root_organization_id`),
  CONSTRAINT `FK_service_organization` FOREIGN KEY (`root_organization_id`) REFERENCES `organization` (`id`) ON DELETE SET NULL,
  CONSTRAINT `FK_service_user` FOREIGN KEY (`user_id`) REFERENCES `user` (`id`) ON DELETE SET NULL
) ENGINE=InnoDB DEFAULT CHARSET=utf8 COLLATE=utf8_unicode_ci COMMENT='услуги';

-- Дамп данных таблицы mvk_crm.service: ~0 rows (приблизительно)
/*!40000 ALTER TABLE `service` DISABLE KEYS */;
/*!40000 ALTER TABLE `service` ENABLE KEYS */;

-- Дамп структуры для таблица mvk_crm.service_to_estimate
CREATE TABLE IF NOT EXISTS `service_to_estimate` (
  `id` bigint(20) unsigned NOT NULL AUTO_INCREMENT,
  `service_id` bigint(20) unsigned NOT NULL,
  `estimate_id` bigint(20) unsigned NOT NULL,
  `template_id` bigint(20) unsigned DEFAULT NULL,
  PRIMARY KEY (`id`),
  KEY `FK_service_to_estimate_service` (`service_id`),
  KEY `FK_service_to_estimate_estimate` (`estimate_id`),
  KEY `FK_service_to_estimate_estimate_2` (`template_id`),
  CONSTRAINT `FK_service_to_estimate_estimate` FOREIGN KEY (`estimate_id`) REFERENCES `estimate` (`id`) ON DELETE CASCADE,
  CONSTRAINT `FK_service_to_estimate_estimate_2` FOREIGN KEY (`template_id`) REFERENCES `estimate` (`id`) ON DELETE SET NULL,
  CONSTRAINT `FK_service_to_estimate_service` FOREIGN KEY (`service_id`) REFERENCES `service` (`id`) ON DELETE CASCADE
) ENGINE=InnoDB DEFAULT CHARSET=utf8 COLLATE=utf8_unicode_ci;

-- Дамп данных таблицы mvk_crm.service_to_estimate: ~0 rows (приблизительно)
/*!40000 ALTER TABLE `service_to_estimate` DISABLE KEYS */;
/*!40000 ALTER TABLE `service_to_estimate` ENABLE KEYS */;

-- Дамп структуры для таблица mvk_crm.user
CREATE TABLE IF NOT EXISTS `user` (
  `id` bigint(20) unsigned NOT NULL AUTO_INCREMENT,
  `email` varchar(50) COLLATE utf8_unicode_ci NOT NULL,
  `role` varchar(50) COLLATE utf8_unicode_ci NOT NULL,
  `name` varchar(50) COLLATE utf8_unicode_ci NOT NULL,
  `last_name` varchar(50) COLLATE utf8_unicode_ci DEFAULT NULL,
  `password` varchar(100) COLLATE utf8_unicode_ci NOT NULL,
  `image` char(37) COLLATE utf8_unicode_ci DEFAULT NULL,
  `phone` varchar(50) COLLATE utf8_unicode_ci DEFAULT NULL,
  `date_create` datetime NOT NULL DEFAULT CURRENT_TIMESTAMP,
  `status` tinyint(4) NOT NULL DEFAULT '0' COMMENT '0 - заявка 1- пользователь 2-откланённая заявка 3-пользователь заблокирован',
  PRIMARY KEY (`id`),
  UNIQUE KEY `email` (`email`)
) ENGINE=InnoDB AUTO_INCREMENT=3 DEFAULT CHARSET=utf8 COLLATE=utf8_unicode_ci;

-- Дамп данных таблицы mvk_crm.user: ~2 rows (приблизительно)
/*!40000 ALTER TABLE `user` DISABLE KEYS */;
INSERT INTO `user` (`id`, `email`, `role`, `name`, `last_name`, `password`, `image`, `phone`, `date_create`, `status`) VALUES
	(1, 't_eman@mail.ru', 'admin', 'Тест Тест', '', '$2y$08$YVFJdnlEU20rM1BrMHM2Teyoam/MEAZYl/ETI0ozV4HSeb/MTWXVO', '1eb57ff39c8210053c4d307f3ff4edb2.jpg', NULL, '2020-01-03 14:01:25', 1),
	(2, 'parser@teplo3000.ru', 'user', 'teplo', '3000', '$2y$08$dStpWENmV3dDZXdremFwO.Ejvrn58IdYb4sGH2WdZlayXJZFm60NO', NULL, NULL, '2020-01-08 13:10:38', 1);
/*!40000 ALTER TABLE `user` ENABLE KEYS */;

-- Дамп структуры для таблица mvk_crm.user_to_organization
CREATE TABLE IF NOT EXISTS `user_to_organization` (
  `id` bigint(20) unsigned NOT NULL AUTO_INCREMENT,
  `user_id` bigint(20) unsigned NOT NULL,
  `organization_id` bigint(20) unsigned NOT NULL,
  PRIMARY KEY (`id`),
  KEY `FK_user_to_organization_user` (`user_id`),
  KEY `FK_user_to_organization_organization` (`organization_id`),
  CONSTRAINT `FK_user_to_organization_organization` FOREIGN KEY (`organization_id`) REFERENCES `organization` (`id`) ON DELETE CASCADE,
  CONSTRAINT `FK_user_to_organization_user` FOREIGN KEY (`user_id`) REFERENCES `user` (`id`) ON DELETE CASCADE
) ENGINE=InnoDB DEFAULT CHARSET=utf8 COLLATE=utf8_unicode_ci;

-- Дамп данных таблицы mvk_crm.user_to_organization: ~0 rows (приблизительно)
/*!40000 ALTER TABLE `user_to_organization` DISABLE KEYS */;
/*!40000 ALTER TABLE `user_to_organization` ENABLE KEYS */;

/*!40101 SET SQL_MODE=IFNULL(@OLD_SQL_MODE, '') */;
/*!40014 SET FOREIGN_KEY_CHECKS=IF(@OLD_FOREIGN_KEY_CHECKS IS NULL, 1, @OLD_FOREIGN_KEY_CHECKS) */;
/*!40101 SET CHARACTER_SET_CLIENT=@OLD_CHARACTER_SET_CLIENT */;

CREATE TABLE `product_similar_group` (
  `id` int(11) NOT NULL,
  `product_id` bigint(20) UNSIGNED NOT NULL,
  `analog_id` bigint(20) UNSIGNED NOT NULL,
  `group_id` int(10) UNSIGNED NOT NULL
) ENGINE=InnoDB DEFAULT CHARSET=utf8 COLLATE=utf8_unicode_ci;

--
-- Индексы сохранённых таблиц
--

--
-- Индексы таблицы `product_similar_group`
--
ALTER TABLE `product_similar_group`
  ADD PRIMARY KEY (`id`),
  ADD UNIQUE KEY `UNIQUE` (`product_id`,`analog_id`,`group_id`),
  ADD KEY `FK_product_similar_group_product2` (`analog_id`),
  ADD KEY `FK_product_similar_group_attribute_group` (`group_id`);

--
-- AUTO_INCREMENT для сохранённых таблиц
--

--
-- AUTO_INCREMENT для таблицы `product_similar_group`
--
ALTER TABLE `product_similar_group`
  MODIFY `id` int(11) NOT NULL AUTO_INCREMENT, AUTO_INCREMENT=53;

--
-- Ограничения внешнего ключа сохраненных таблиц
--

--
-- Ограничения внешнего ключа таблицы `product_similar_group`
--
ALTER TABLE `product_similar_group`
  ADD CONSTRAINT `FK_product_similar_group_attribute_group` FOREIGN KEY (`group_id`) REFERENCES `attribute_group` (`id`) ON DELETE CASCADE,
  ADD CONSTRAINT `FK_product_similar_group_product` FOREIGN KEY (`product_id`) REFERENCES `product` (`id`) ON DELETE CASCADE,
  ADD CONSTRAINT `FK_product_similar_group_product2` FOREIGN KEY (`analog_id`) REFERENCES `product` (`id`) ON DELETE CASCADE;
COMMIT;